{
	"position": {
		"x": 8.000000,
		"y": 0.000000,
		"z": 3.000000
	},
	"direction": {
		"x": -0.980581,
		"y": 0.000000,
		"z": -0.196116
	},
	"up": {
		"x": -0.196116,
		"y": -0.000000,
		"z": 0.980581
	},
	"film_size_x": 0.036,
	"film_size_y": 0.024,
	"focus_distance": 0.028
}